-0.015228505	-0.09782979	-0.1547967	0.13537705	0.13682938	-0.02083768
-0.019596478	0.029898534	-0.038767613	0.0564064	0.03260881	0.012674606
1.3270458	1.3755304	1.5326903	-1.4809895	-1.4764909	1.0873922
0.29116023	0.30135423	0.2699163	-0.24932882	-0.3007617	0.20981067
-0.13768317	-0.1368488	-0.25458184	0.2565309	0.19676143	-0.091846235
-0.087593034	-0.090252146	-0.07836136	0.13248105	0.047043003	-0.06629034
-0.11877292	-0.15576075	-0.24675487	0.28355885	0.19548412	-0.00999185
0.04885576	-0.008179578	-0.018730866	0.036097914	-0.0064375196	-0.05202848
0.1776462	0.17595543	0.2748519	-0.29036066	-0.2480686	0.053780932
1.0903934	1.2163337	1.3545518	-1.3135334	-1.222497	0.9316488
0.38959885	0.40183213	0.39909166	-0.41152814	-0.46138537	0.38488194
-0.20357649	-0.21842974	-0.2703591	0.25663015	0.29228306	-0.13474622
0.06047646	0.088194154	0.012307622	-0.06243623	-0.066597655	0.13267554
-0.977103	-1.0715283	-1.1468581	1.0890102	1.014643	-0.88160783
-0.29462117	-0.3296193	-0.3352425	0.36230674	0.33943868	-0.30287364
-0.11412798	-0.19197734	-0.17898974	0.117977425	0.13017027	-0.1799657
-0.21614452	-0.26284716	-0.31390548	0.3257731	0.28484872	-0.16430992
0.12220563	0.14563018	0.03148477	-0.028106984	-0.033482987	0.21198934
0.058883917	0.051443387	-0.10502787	0.09087557	0.055272263	0.13160427
1.9555944	2.0602026	2.2055418	-2.1159098	-2.115855	1.6549944
1.2627531	1.2997996	1.3280839	-1.3542988	-1.3900658	1.1131037
0.7160355	0.64827794	0.751107	-0.70397085	-0.7366509	0.5542734
1.0327513	0.9909026	1.1769794	-1.1409318	-1.0449668	0.837189
1.6619836	1.696527	1.8538212	-1.7366155	-1.7863586	1.2975631
0.11710133	0.12263198	0.0136001855	-0.036140766	-0.10948938	0.1590202
0.8196889	0.7546281	0.774618	-0.7883461	-0.7199115	0.7101468
0.78615767	0.81810653	0.9290455	-0.85566443	-0.90226376	0.63559014
0.56349343	0.5366198	0.574051	-0.5396107	-0.4629602	0.45231387
0.64089644	0.64651114	0.72843695	-0.76541984	-0.71165985	0.5027557
-0.043036424	-0.12169407	-0.1576982	0.17598516	0.11684775	0.012504939
-0.4174283	-0.45906487	-0.55501306	0.51690483	0.5485296	-0.35455835
1.2749188	1.308248	1.4205896	-1.3984784	-1.3324273	1.0606897
-0.5289922	-0.5997675	-0.57795525	0.6054593	0.5834834	-0.46217775
-0.5429697	-0.56378293	-0.60748976	0.6679849	0.581987	-0.41840953
-0.47535023	-0.5872669	-0.6681154	0.65329856	0.6181947	-0.44959557
0.53919095	0.5350427	0.635369	-0.5335512	-0.51783955	0.51797736
-0.16022219	-0.20801477	-0.20833966	0.18560456	0.19185632	-0.08586424
0.5761405	0.5774582	0.64472395	-0.5437683	-0.6206495	0.48407
0.6221548	0.5798104	0.60784894	-0.6821215	-0.5414465	0.45767814
0.3110347	0.26202887	0.217747	-0.28598478	-0.24213298	0.20068806
0.34983847	0.26128542	0.39742213	-0.399044	-0.37511194	0.22279942
-0.030073907	-0.09573973	-0.099951565	0.07628966	0.060565803	0.029242849
0.18092807	0.11843578	0.11296036	-0.14652562	-0.11991217	0.06524473
0.31960523	0.28286433	0.29445663	-0.29533684	-0.26399887	0.33899638
-0.4046399	-0.43943506	-0.58309764	0.55575204	0.545096	-0.40321004
0.41394162	0.41516516	0.42213747	-0.36715814	-0.40000993	0.3113463
0.57763445	0.57175326	0.602671	-0.6371382	-0.607552	0.5250069
0.17856032	0.14492127	0.10162551	-0.11991871	-0.18094899	0.2944699
-0.48460013	-0.46616468	-0.57722414	0.537081	0.53831714	-0.42314982
0.25068277	0.14709862	0.12032492	-0.14756109	-0.13198045	0.21266888
0.6692794	0.6802921	0.706499	-0.6384239	-0.6588689	0.6068836
0.09755535	-0.019391913	0.095144175	-0.06578559	-0.1416909	0.06985357
-0.0507698	-0.098265186	-0.060276788	0.03340293	-0.020763328	-0.047328383
-0.38156924	-0.38377327	-0.44331348	0.4211223	0.3830555	-0.35359198
-0.22167364	-0.26476967	-0.3030225	0.31085125	0.22590803	-0.1487055
-0.3380128	-0.39156154	-0.44518638	0.46145085	0.40775964	-0.31587443
-1.1674494	-1.2404542	-1.3535827	1.3278149	1.2635205	-1.0725585
-0.07661179	-0.08324811	-0.08464441	0.06746509	0.029590324	-0.060013536
-0.61756223	-0.70837426	-0.7046093	0.7633452	0.7437227	-0.5734286
0.20466195	0.17531978	0.28445867	-0.2662613	-0.25716674	0.13918588
-0.100055635	-0.12747438	-0.18026778	0.18115568	0.14382565	-0.041419078
-0.3818816	-0.46413842	-0.4902677	0.5848001	0.49487317	-0.35655037
-0.2412734	-0.32070938	-0.32670256	0.33017227	0.28613058	-0.25445735
0.4059368	0.3982649	0.4342413	-0.40549493	-0.4054928	0.29084793
0.44266242	0.42148942	0.51069313	-0.46747428	-0.39043823	0.42108795
-0.3248625	-0.27141827	-0.410849	0.38550213	0.35171932	-0.2179949
0.2966453	0.25073832	0.20273079	-0.23180497	-0.3304517	0.32947746
0.0039076507	-0.035004493	-0.015106788	-0.012863843	-0.05391767	-0.0040923776
0.18426214	0.13365425	0.18323432	-0.2152878	-0.20680073	0.23152068
-0.109942086	-0.21746843	-0.21315967	0.17581049	0.18846317	-0.08742337
-0.12990628	-0.16515408	-0.16998588	0.20257442	0.171036	-0.14475134
-0.10919889	-0.16231695	-0.17221245	0.19810805	0.07637116	-0.025839195
0.2001426	0.1744693	0.16961041	-0.17756297	-0.23594457	0.13454156
0.5342292	0.48867083	0.66295165	-0.56490684	-0.51945424	0.39004266
-0.38870424	-0.44163615	-0.4654656	0.48253408	0.3769236	-0.29943562
-0.13141753	-0.20589133	-0.13645446	0.19133458	0.17798918	-0.22529297
0.70389587	0.6636406	0.7273567	-0.7988606	-0.76892304	0.636028
0.275904	0.21597181	0.29832605	-0.2934827	-0.20980276	0.17711438
0.46433833	0.40411416	0.44113103	-0.39934346	-0.38463536	0.32637945
-0.24396493	-0.34096694	-0.3776449	0.32748398	0.33593783	-0.2033885
-0.018607816	-0.09883889	-0.043019388	-0.010057066	0.011588258	-0.066245645
1.8427926	1.8318915	1.9850855	-1.9781984	-1.8836123	1.6840738
0.27839333	0.25295588	0.24118212	-0.22816564	-0.23487397	0.26532084
-0.5569099	-0.6323488	-0.7303582	0.75060093	0.6226148	-0.49506924
0.1528668	0.13956359	0.17929207	-0.16658878	-0.17305204	0.16089348
-1.1665788	-1.191447	-1.3549385	1.3436763	1.32276	-1.0452158
0.110859394	0.13830529	0.17545925	-0.18594065	-0.17900082	0.13822652
0.16384956	0.090861335	0.1397034	-0.2063685	-0.16820575	0.09234839
0.30058506	0.28919244	0.34989965	-0.30200887	-0.34241906	0.30349615
0.35553002	0.31285015	0.20788127	-0.20835821	-0.2758472	0.30052358
0.29923853	0.26031196	0.27370957	-0.21857776	-0.24235943	0.2564356
-0.4362396	-0.47532722	-0.52718794	0.49250886	0.51258993	-0.39800525
-0.57184017	-0.6204412	-0.61490166	0.61901283	0.50225484	-0.4464044
-0.2035193	-0.24179019	-0.2961338	0.3109874	0.21306488	-0.10641864
-0.118758515	-0.17293139	-0.10262213	0.10795292	0.07799325	-0.19264238
-1.457402	-1.5228267	-1.5410061	1.601582	1.4609777	-1.307454
-0.7885951	-0.86740667	-0.916639	0.9151984	0.9083203	-0.70709157
0.2608606	0.21382947	0.29073685	-0.2779162	-0.32477462	0.24253033
-0.16300404	-0.19106406	-0.18816058	0.17395064	0.23546062	-0.04120286
0.26498482	0.21884753	0.2089302	-0.20142682	-0.1963251	0.21498582
0.39858863	0.40911865	0.56792194	-0.47804296	-0.4824131	0.32948226
-0.2561537	-0.2507649	-0.27133754	0.3303899	0.33564767	-0.21308324
0.16511929	0.13296045	0.054851193	-0.07748997	-0.13601457	0.19736733
0.3093088	0.3814694	0.24545765	-0.2659943	-0.31854594	0.35689875
-0.3112633	-0.33547488	-0.37865433	0.42085767	0.2992317	-0.2897916
-0.05048456	-0.040190138	-0.06836657	0.11154159	0.0027807422	0.031604733
0.07830911	0.054145362	0.15832733	-0.12053226	-0.16047299	0.05885981
-0.4532	-0.489653	-0.46248233	0.4661409	0.468286	-0.37513623
0.32371747	0.31626904	0.36359453	-0.34735352	-0.34456065	0.274316
-0.42703363	-0.5105552	-0.50806975	0.49021015	0.48444664	-0.37856382
0.79330844	0.80695546	0.8788678	-0.8628613	-0.7855756	0.6107682
0.8046492	0.75038	0.78069764	-0.77776206	-0.7964979	0.6447261
1.059343	1.0582447	1.116308	-1.0888951	-1.0741415	1.01571
-0.9049631	-0.9456383	-1.0396463	0.9778645	1.0333645	-0.86809736
-1.484884	-1.4912459	-1.5146345	1.5560839	1.5545466	-1.3309674
0.51100045	0.4482538	0.50596124	-0.47831044	-0.41442308	0.45093942
-2.2563457	-2.2685401	-2.3590472	2.360216	2.3194761	-2.0946052
0.9311161	0.8584843	0.95648444	-0.8899225	-0.88694793	0.87508595
-0.59697795	-0.56721675	-0.7010496	0.69198483	0.65071887	-0.44435722
0.27276722	0.28042778	0.2563432	-0.16274114	-0.18875374	0.27328363
0.5815406	0.6123643	0.7436913	-0.7318236	-0.6926607	0.50089985
0.4511604	0.5089229	0.51281863	-0.60329753	-0.5479947	0.32871988
-0.10608753	-0.12718351	-0.06327315	0.08088908	0.085291974	-0.06124561
0.66804516	0.6467468	0.6957847	-0.6234815	-0.6417658	0.61665523
-0.35270682	-0.43617845	-0.47589478	0.42485368	0.45340815	-0.29491055
0.57980233	0.56934565	0.5483304	-0.5387182	-0.5798971	0.5456634
0.23592688	0.13112834	0.119665384	-0.120413005	-0.19225387	0.2112633
0.24870048	0.2164895	0.19172113	-0.20192605	-0.14192219	0.101850584
3.3917818	3.4337182	3.5155754	-3.5499654	-3.453447	3.032266
0.30555013	0.32559943	0.28961778	-0.2913947	-0.33265263	0.24339868
-0.048613947	-0.13268116	-0.12243135	0.108866684	0.13475358	-0.0017714099
-0.06844037	-0.06707964	-0.09619119	0.10517658	0.1799485	-0.07058682
0.46127144	0.38607594	0.4151323	-0.45889983	-0.3791923	0.3785562
0.53285664	0.5735217	0.47502115	-0.49169517	-0.48963454	0.44815314
-0.35063246	-0.44059265	-0.45375365	0.42074046	0.42118534	-0.32226583
0.39147142	0.39352074	0.39051402	-0.3923398	-0.34203702	0.3479612
-0.55659866	-0.594214	-0.6565038	0.6073116	0.64915174	-0.57118386
0.5170265	0.43640804	0.4711855	-0.47916812	-0.43197942	0.4470592
0.31054518	0.31763524	0.35475424	-0.352586	-0.3012614	0.15110953
0.47304446	0.515211	0.47489494	-0.4587706	-0.46396747	0.41439897
-0.22916393	-0.23139404	-0.2315801	0.28410265	0.28711146	-0.19443028
-0.05348557	-0.07475143	0.004984729	0.0072667287	0.099942304	-0.061788693
0.3879342	0.40969142	0.3458767	-0.41017663	-0.35228193	0.34788942
-0.5113609	-0.56320024	-0.50749856	0.47018567	0.49295798	-0.4839415
-0.11660046	-0.17902754	-0.21990466	0.16884857	0.1061043	-0.098866
0.24659619	0.27515078	0.22360456	-0.28459933	-0.24813476	0.15322854
-0.2588877	-0.2604331	-0.30590916	0.34023628	0.29064777	-0.1670059
-0.021868212	-0.095688	-0.12801823	0.07210758	0.10897884	-0.07671756
-0.13604094	-0.19824757	-0.17392616	0.23512615	0.22204168	-0.14610334
0.43219757	0.44115022	0.45861927	-0.49421215	-0.4849098	0.4050001
0.030053979	-0.015591248	0.058688767	-0.049460553	0.024400022	-0.0008619294
0.5066474	0.49980995	0.47250947	-0.5084896	-0.45972228	0.47533342
0.73250204	0.7563618	0.7450114	-0.7334268	-0.71523327	0.7579003
0.30186027	0.2473957	0.22735356	-0.2718411	-0.2124318	0.296086
1.6092714	1.6448287	1.6877868	-1.7146851	-1.6360941	1.4612556
0.18200713	0.058485832	0.09532024	-0.11405264	-0.09925844	0.060849782
1.2397705	1.2919439	1.2910548	-1.2739781	-1.205944	1.1731677
0.14472692	0.13124987	0.043175846	-0.04179317	-0.07753061	0.050254304
0.51726496	0.46566528	0.38664135	-0.45865178	-0.4178082	0.5231803
-0.25831512	-0.29115155	-0.21636598	0.22095071	0.26367548	-0.20367032
0.41591057	0.35846707	0.3826634	-0.4220235	-0.36865014	0.3579315
0.72691	0.6983622	0.6398772	-0.73482245	-0.6180597	0.7043053
0.73875177	0.76298845	0.6455423	-0.70330375	-0.6982591	0.7231066
-0.03666003	-0.02763455	-0.08291762	0.07989752	0.065721616	-0.084494226
0.23270476	0.2280637	0.36576688	-0.25415826	-0.26154006	0.23427023
1.2476392	1.1661891	1.236105	-1.2294632	-1.201648	1.115191
1.01403	1.0265845	1.025385	-1.051216	-1.0415854	0.8677021
0.015135851	-0.039447088	0.012857408	-0.0482401	-0.060669366	-0.010081169
-2.0030792	-1.9563148	-2.0218878	2.0748901	2.016455	-1.8562062
0.68274444	0.6479454	0.6845764	-0.70639426	-0.72070575	0.5919849
0.43617833	0.4209457	0.32082218	-0.38071612	-0.37872258	0.43681952
0.117009595	0.074325286	-0.0022136036	-0.022054767	-0.015744183	0.052588526
0.85705584	0.8220218	0.8132835	-0.8946435	-0.8228722	0.8242895
-0.6209732	-0.63789225	-0.71125597	0.73468244	0.6806102	-0.5755972
0.3855203	0.31795928	0.2939402	-0.3869033	-0.36651647	0.29792848
-0.23992246	-0.28353298	-0.23593682	0.2477246	0.26778653	-0.25897357
-0.39713377	-0.40457153	-0.4243555	0.36888635	0.46533966	-0.39203206
1.2429243	1.2328181	1.2680403	-1.2707871	-1.154432	1.0332756
0.40967846	0.3868195	0.42938986	-0.4018823	-0.41071835	0.36471903
-1.6911803	-1.6496063	-1.809454	1.7338374	1.7307198	-1.5227709
0.26901987	0.2099432	0.24694471	-0.26731473	-0.2543061	0.24128479
1.3540459	1.3319664	1.3685308	-1.4142191	-1.383725	1.2874023
0.05135119	0.04919766	-0.028305102	-0.06670407	-0.05239189	0.05804423
-0.08199243	-0.08114444	-0.09763357	0.15397874	0.1110417	0.038449116
0.8921886	0.90140903	0.95712125	-0.8943349	-0.9087876	0.78827834
0.10022897	0.12168145	0.13515638	-0.15858306	-0.12000416	0.11711575
0.12881018	0.1665389	0.16844463	-0.11618924	-0.08681182	0.21518944
-0.0455847	-0.10442881	-0.065767944	0.07454827	0.09752435	-0.045911346
1.7364728	1.8056449	1.8430835	-1.8738914	-1.7732812	1.6330897
0.24820459	0.18047367	0.21456835	-0.2513182	-0.22047348	0.19725816
-0.122977845	-0.16885453	-0.14598714	0.17451687	0.14594232	-0.08817839
-0.7588847	-0.7302219	-0.8404907	0.8402022	0.83795583	-0.740594
2.2344747	2.2613513	2.3673034	-2.30623	-2.275153	2.091799
0.431684	0.41044128	0.46526632	-0.47267216	-0.42772302	0.36933696
0.6241206	0.54750335	0.5915098	-0.53406996	-0.5732555	0.51633006
-0.64450324	-0.6726937	-0.7023137	0.7305972	0.705503	-0.528252
-0.2777956	-0.26606363	-0.23866645	0.27523687	0.2595556	-0.30217114
-0.83382934	-0.91318893	-0.88969296	0.9061126	0.81510997	-0.83321977
-2.1451128	-2.19286	-2.2379847	2.2647045	2.247354	-1.9386004
0.006298317	0.0016567456	-0.027421122	-0.017969033	-0.03644862	0.061076786
-0.13455312	-0.079857364	-0.11258403	0.0735612	0.05705318	-0.09550889
-0.1066419	-0.1136137	-0.18921496	0.18985674	0.20370051	-0.08298482
0.0077271247	-0.076215014	-0.07619617	0.09017803	-0.027405694	-0.015772436
1.2781045	1.335991	1.3646064	-1.3396372	-1.2688417	1.2740542
-0.1674968	-0.18580753	-0.25630787	0.21859363	0.24352956	-0.16212863
0.4018611	0.2966167	0.27807724	-0.3297158	-0.32289234	0.35522053
-0.07970756	-0.12588069	-0.14996542	0.18434018	0.12994343	-0.11150047
0.66686946	0.6979431	0.62839913	-0.6255377	-0.61673075	0.69884735
-0.654053	-0.7848023	-0.739064	0.73738176	0.7320299	-0.6172085
-0.22696136	-0.26940027	-0.300296	0.22145939	0.2709791	-0.25892648
1.8258955	1.8201735	1.9158089	-1.8926612	-1.8493758	1.6230798
0.19856548	0.09306494	0.1550386	-0.07271996	-0.09590756	0.2004756
0.41398498	0.37926945	0.46939212	-0.4317606	-0.45177677	0.4797392
0.46749365	0.38989592	0.46688637	-0.48588428	-0.41144282	0.4408284
0.14798102	0.17225702	0.16491027	-0.117749535	-0.061892748	0.18852204
0.76975	0.7490046	0.77565414	-0.78079885	-0.7828412	0.71613705
1.6273346	1.6406647	1.8127143	-1.7429835	-1.6622479	1.4422258
1.8606236	1.8574193	1.9513706	-1.9380742	-1.8428531	1.630114
-0.021899147	0.040754423	0.04881184	-0.02724932	-0.034317456	-0.003223639
-0.1530417	-0.19218217	-0.19013156	0.22370964	0.12185628	-0.14641353
1.1168925	1.0952326	1.2500659	-1.2386519	-1.2130693	1.0301948
-0.80938065	-0.8461594	-0.8774885	0.8708068	0.91018486	-0.7391414
0.007330347	-0.030275755	-0.006427435	0.085887775	0.01952886	0.044168055
0.40968058	0.40094182	0.43156043	-0.42627874	-0.47583857	0.4496222
0.76286405	0.8219988	0.7758125	-0.75256395	-0.80531913	0.74453104
-3.124143	-3.1990895	-3.2286098	3.205133	3.1144097	-2.8785384
0.88526434	0.8748572	0.9609666	-0.8865904	-0.89018	0.7979234
1.5750749	1.4773345	1.5628482	-1.5975153	-1.574471	1.3660469
0.050067082	0.13069251	0.099679366	-0.08145342	-0.030868301	0.054372992
0.3277558	0.23159431	0.21593939	-0.23950034	-0.20749995	0.2568519
0.34824497	0.25381425	0.3233975	-0.32274577	-0.3682114	0.2106422
-0.30161262	-0.38663462	-0.33658084	0.31576785	0.30847874	-0.33226788
0.08211039	0.055559862	0.07917013	-0.032522216	0.0064385394	0.12656385
-0.1861541	-0.22771871	-0.1539048	0.12868705	0.10838734	-0.1856673
-0.11329104	-0.103457294	-0.12497317	0.15031138	0.16635554	-0.13023566
-0.20574157	-0.18074436	-0.16795792	0.20382445	0.1939002	-0.16315302
-0.12423548	-0.15192436	-0.12651919	0.11348021	0.12434259	-0.21334296
-0.92839867	-0.9686307	-0.9121763	0.96671474	0.9138993	-0.8204024
1.2769237	1.2856326	1.3819569	-1.3827789	-1.3182464	1.164127
2.0147874	2.0814376	2.1642344	-2.1848896	-2.0541093	1.8527621
-0.6109753	-0.5840234	-0.6201047	0.6570774	0.5642474	-0.58867735
-2.0499885	-2.1391456	-2.2125366	2.1258578	2.1134546	-1.9233633
0.2818021	0.25433457	0.22806768	-0.22555132	-0.22488217	0.1735431
-0.17124093	-0.20861953	-0.14871274	0.18915507	0.21515921	-0.13041317
-0.3968205	-0.42925286	-0.35001847	0.430169	0.38141683	-0.38080987
1.0646261	1.0766702	1.1826514	-1.1340392	-1.0947313	0.93475556
0.374199	0.33094972	0.38123405	-0.42971832	-0.33816007	0.3055024
-0.7407932	-0.7693235	-0.83773416	0.84454054	0.81443465	-0.6376753
0.355811	0.4200651	0.40103653	-0.377556	-0.31757405	0.4179859
-0.35443732	-0.31723148	-0.33265206	0.29481778	0.3576044	-0.3171227
0.14684044	0.10609615	0.17996907	-0.18651982	-0.11291731	0.15795681
0.10011535	0.047171865	0.0061430195	-0.07449793	-0.08342789	0.039520685
0.45235774	0.37856695	0.4705219	-0.48190275	-0.4861664	0.33758432
0.5051126	0.4216736	0.54853374	-0.46506944	-0.48717737	0.42823142
-0.87496436	-0.89847934	-0.93413657	0.9403418	0.93492144	-0.8992567
0.6237963	0.665264	0.61219966	-0.6437257	-0.5921976	0.59242195
0.7092327	0.66965306	0.72474694	-0.7389462	-0.71148014	0.6997448
-0.5147492	-0.5764377	-0.6325266	0.52288616	0.6376238	-0.56243485
-0.5464898	-0.60555005	-0.58438575	0.6395733	0.6006149	-0.4859108
-0.74237925	-0.80542564	-0.8836071	0.8830454	0.7882375	-0.73340386
0.30003428	0.35777384	0.27317345	-0.33733615	-0.33357364	0.36958146
-1.5987242	-1.6240973	-1.6383119	1.6806619	1.6350932	-1.4256357
0.6124052	0.5807795	0.6166514	-0.6611943	-0.6396163	0.6014696
0.073967	0.06630106	0.058809515	0.015553047	-0.049939077	0.044180967
-0.86170566	-0.88864166	-0.8361288	0.8678811	0.77728814	-0.76669765
0.25142223	0.2129286	0.25246096	-0.27278087	-0.24940702	0.22644551
0.2310596	0.22025137	0.2106654	-0.22429782	-0.24228702	0.25866342
-0.16405074	-0.18389559	-0.22614734	0.19436048	0.19139794	-0.15983996
2.0161507	2.0901709	2.1681137	-2.155993	-2.0319257	1.9946213
-0.51481366	-0.5550657	-0.5463519	0.579362	0.50719225	-0.48439136
0.20942265	0.21798402	0.21909502	-0.22460331	-0.18848726	0.2545727
0.6556275	0.60590357	0.6219739	-0.6915622	-0.66837907	0.5094717
1.92074	1.9123507	2.0071652	-2.056483	-1.9930705	1.7588906
0.11044831	0.01715248	0.0018613149	-0.087482	0.020956304	0.103863
0.15725613	0.06843736	0.082146786	-0.05166524	-0.102326	0.16445886
-0.08050887	-0.106448285	-0.09535799	0.13209175	0.08589558	-0.14411697
1.0818987	0.9476927	1.0665463	-0.9960761	-0.96492845	0.99571544
0.5993997	0.65551656	0.60356164	-0.59987587	-0.6051594	0.63189405
0.55091786	0.5903882	0.5715728	-0.5409884	-0.53705126	0.49897033
-0.043036826	-0.08309422	-0.071284845	0.05018092	0.050600804	-0.11578865
0.65954924	0.68077433	0.61306936	-0.68871385	-0.63621956	0.656796
0.5247237	0.5266159	0.55798733	-0.5244031	-0.48422933	0.45581496
-0.9461221	-0.92225945	-0.9714543	1.0292677	0.9585738	-0.79889643
-0.11045015	-0.11445035	-0.16975418	0.12758417	0.14262706	-0.13555016
-0.06501998	-0.15060641	-0.11596739	0.15793546	0.11833026	-0.030936744
0.09696955	0.084329404	0.12931329	-0.14737253	-0.063243546	0.069773175
-0.46729624	-0.43217054	-0.4993109	0.44029117	0.4562705	-0.42095694
-0.96434784	-0.96885526	-1.0154272	0.98396575	0.96728265	-0.87340206
0.18692943	0.106756754	0.11373316	-0.17798227	-0.14538442	0.20278585
0.6211485	0.57965535	0.5520291	-0.5845052	-0.57731813	0.5305869
0.032864634	-0.047732815	0.02783948	-0.06917014	-0.06914109	-0.00112934
-0.09716688	-0.06332166	-0.09991723	0.14963739	0.114683196	-0.11225668
0.6349092	0.6298848	0.63703597	-0.62387115	-0.689991	0.64048004
-0.03385581	-0.09365266	-0.06260514	0.058417734	0.10417872	-0.034406867
0.39966416	0.27988148	0.34722874	-0.37973762	-0.29276806	0.25969684
1.5345535	1.5448985	1.5676615	-1.5917305	-1.5057817	1.4163643
-0.9747918	-0.95941603	-0.9532982	0.9924437	0.97150946	-0.96377546
0.65313375	0.63723433	0.5932059	-0.56169784	-0.6152717	0.618038
0.0354665	0.009018325	0.04646321	-0.040830806	-0.05499503	0.052780025
-0.31156474	-0.36887264	-0.43822575	0.34088764	0.3829211	-0.2188222
-0.026500536	0.0032011592	-0.04011071	-0.01694792	0.015160894	0.06361437
-0.5298272	-0.58728343	-0.55448437	0.608569	0.5791133	-0.45424503
0.46555462	0.46502185	0.48012936	-0.52533966	-0.49126896	0.4767217
0.18885134	0.14887911	0.13174489	-0.115821496	-0.18394813	0.110103086
-0.93556434	-0.95531076	-0.95694226	0.95271504	0.9629405	-0.7783004
0.11021357	0.07377953	0.14753136	-0.1542759	-0.1058132	0.14937474
0.24864008	0.2691448	0.28621924	-0.24132313	-0.23179014	0.27310917
0.09730283	0.036043152	0.035773788	-0.039452244	-0.06273649	0.09228074
-2.143878	-2.1971884	-2.3086646	2.3235052	2.304634	-2.006434
0.3386168	0.31469968	0.32338116	-0.3865005	-0.36694458	0.37288845
-0.3689589	-0.31615648	-0.3653368	0.39223388	0.3819004	-0.36394373
-0.43328065	-0.3779745	-0.43595865	0.44913423	0.40732616	-0.37578923
-0.027913863	-0.09774247	-0.059233032	0.13198063	0.066297434	-0.10654978
0.12667267	0.109435335	0.14395669	-0.117711104	-0.11459726	0.13510056
0.85445553	0.8929193	0.81974894	-0.81019527	-0.83239144	0.7868829
-1.6813794	-1.6730003	-1.7388273	1.7375602	1.7663783	-1.5202092
0.84895563	0.76957077	0.81841224	-0.8272908	-0.8242959	0.80013734
0.220579	0.1836765	0.21905835	-0.21755043	-0.17328596	0.15889132
-0.35291144	-0.39293456	-0.35780263	0.34952635	0.41920123	-0.36320347
-0.1365785	-0.1380277	-0.13262497	0.17944086	0.12201009	-0.12636152
0.37384918	0.35463503	0.45053324	-0.42969352	-0.41917494	0.39764073
0.829217	0.76482856	0.89310753	-0.84393734	-0.8442301	0.76999193
-1.7806789	-1.800163	-1.8240933	1.8193172	1.7537073	-1.6427742
3.897979	3.9595423	4.05879	-4.0328016	-3.946786	3.6277502
-0.743658	-0.86147666	-0.8699949	0.85338986	0.8424265	-0.7101908
1.5284269	1.5317352	1.5708363	-1.5958837	-1.5115315	1.354825
-0.51837903	-0.51333016	-0.5467837	0.56674093	0.5490962	-0.40901724
0.46410626	0.41976574	0.33369985	-0.3500543	-0.33393162	0.3765125
-0.078351885	-0.052774504	-0.118719	0.06805472	0.07391401	-0.039762862
0.27261752	0.3229222	0.2691794	-0.31788838	-0.311678	0.2828371
1.4168799	1.3827173	1.4501286	-1.3944526	-1.398799	1.3822781
-0.070327014	-0.0914295	-0.12355681	0.11706656	0.086540036	-0.015832622
-0.12388055	-0.13753462	-0.18233122	0.1284888	0.15287594	-0.14387678
0.43064618	0.39185098	0.4200375	-0.4766637	-0.39740798	0.3903672
-0.35477433	-0.34086758	-0.38465935	0.44888204	0.428831	-0.4159999
-0.064096674	-0.16366564	-0.114326	0.06157002	0.09767269	-0.10011216
0.19461825	0.13814862	0.19888045	-0.09391633	-0.15694794	0.24436273
-0.3470824	-0.36264527	-0.30233932	0.37085736	0.3647101	-0.35429862
0.5212281	0.42643228	0.5129872	-0.5149686	-0.4964948	0.48095545
-0.5579629	-0.5784695	-0.67208886	0.6378494	0.6325872	-0.6064337
-0.023938596	-0.030126087	0.023310004	0.014943509	0.037710313	-0.009872912
-1.0266478	-1.1146891	-1.1195894	1.0721315	1.0993052	-0.953385
0.21372615	0.17177275	0.17213668	-0.14573272	-0.133002	0.07607117
1.1536243	1.1323118	1.2079074	-1.1765867	-1.115558	1.0360198
0.7893244	0.7206402	0.7945499	-0.8018534	-0.75723845	0.72544754
-0.3574254	-0.4290852	-0.38596898	0.36257872	0.37969753	-0.28622246
-0.2719289	-0.30523658	-0.3079851	0.32750666	0.25191686	-0.2664435
-1.06425	-1.1068413	-1.1581621	1.0930994	1.1167424	-0.96196896
0.3294537	0.30316523	0.29012966	-0.35759166	-0.27795613	0.21396898
0.976753	0.9177505	1.041752	-0.9738989	-0.9775359	0.763774
-0.1366827	-0.12144001	-0.19311523	0.19397569	0.103879616	-0.0580366
0.49931693	0.52795917	0.5526159	-0.48869318	-0.5309141	0.43705192
0.16388525	0.19804852	0.12067687	-0.1509928	-0.15740724	0.091087036
0.00027777688	0.033877265	-0.064238235	0.040564198	-0.021963254	0.019082246
0.13809887	0.14346851	0.08973587	-0.15508752	-0.13603799	0.11185732
-1.1363326	-1.1983168	-1.1909555	1.1465983	1.1671906	-1.0924813
0.4464495	0.4559424	0.5224658	-0.5216761	-0.49249583	0.4603372
-0.39201492	-0.32663235	-0.38145003	0.40652558	0.41347787	-0.3507125
-0.20095965	-0.15088029	-0.18803862	0.17682977	0.25250918	-0.15699391
-1.1926655	-1.1919869	-1.164187	1.1617411	1.2011753	-1.1694298
-0.15993507	-0.1393531	-0.15787067	0.15200144	0.12812306	-0.11786089
0.039466083	-0.010319658	0.05819761	0.037311044	-0.06858208	0.093028665
0.29073697	0.25534177	0.3487064	-0.27157345	-0.26380178	0.24884085
0.27650148	0.2319969	0.3013599	-0.23056376	-0.2653454	0.17887926
0.41616985	0.40461	0.447574	-0.4324763	-0.45252764	0.40253446
0.39317366	0.34423947	0.37927383	-0.40413848	-0.39770162	0.34974405
-0.63577974	-0.5832877	-0.7016362	0.6317301	0.66525847	-0.49110353
0.933154	0.85205466	0.96242064	-0.9363422	-0.9561598	0.79734206
1.6414435	1.5473901	1.6020106	-1.5655837	-1.6015619	1.5019048
0.5308152	0.5517491	0.60274374	-0.6138507	-0.5740473	0.48567006
-0.16184752	-0.18149593	-0.23802492	0.23852374	0.24890718	-0.1948404
0.093692124	0.045055963	0.09448045	-0.051533952	-0.09425597	0.0034139166
-2.5773025	-2.6391213	-2.7325122	2.7155058	2.660822	-2.3957686
-0.52447414	-0.52181137	-0.5357555	0.55219924	0.5760972	-0.42182666
-0.55733556	-0.61173654	-0.64519554	0.6740584	0.6557833	-0.59476346
1.8134873	1.7563202	1.8404973	-1.8023119	-1.8294036	1.6915572
0.30319571	0.2864743	0.26448235	-0.34026977	-0.27299047	0.35646674
2.0001223	1.9799519	2.0312703	-2.0647368	-2.0322425	1.8869163
0.8967867	0.86748326	0.8463906	-0.8829138	-0.86789227	0.83800864
1.364619	1.285916	1.4530702	-1.4028713	-1.3353932	1.2562414
-0.42988718	-0.4308334	-0.41430306	0.4549928	0.3741994	-0.3413961
-0.5439069	-0.4991208	-0.48713127	0.5055184	0.5123566	-0.47526512
0.34059867	0.32108054	0.3619115	-0.3478644	-0.32372412	0.31226987
-1.5348511	-1.5691364	-1.5917761	1.6232963	1.5845199	-1.4695072
-0.25145125	-0.21611935	-0.23624326	0.28562915	0.23336112	-0.23924069
0.38398412	0.32758602	0.39365524	-0.32465175	-0.3822959	0.34272918
0.96710974	0.9034872	0.9879832	-1.0008082	-0.97106946	0.8573579
-0.6382577	-0.7550745	-0.6838337	0.78911483	0.6919912	-0.6083288
0.0023701906	0.0499083	0.057563838	0.006971486	-0.017126283	0.015558535
-0.010527669	-0.06136124	-0.08592779	0.067595504	0.03382896	-0.06272771
-2.408757	-2.426016	-2.5007544	2.5457227	2.5005293	-2.2561612
0.19837408	0.110497065	0.19707547	-0.11197785	-0.1513757	0.18195303
-1.4441735	-1.5052509	-1.5242358	1.4869525	1.45032	-1.3069682
0.014082943	-0.07832246	-0.0152667295	0.09766232	0.058938034	0.039933972
0.508256	0.49885985	0.4818437	-0.55887073	-0.5267616	0.44713444
-0.36460263	-0.40914878	-0.40627304	0.45407072	0.43837118	-0.35888687
0.46970984	0.41240725	0.41099694	-0.46911776	-0.5119545	0.4142536
-0.99835163	-1.0305328	-1.0753108	1.0651996	1.0420581	-0.9455305
-0.1933683	-0.17388237	-0.16155954	0.17316552	0.117221124	-0.11038617
-0.36247423	-0.35829365	-0.32765597	0.32485664	0.36635202	-0.24071005
-0.38692233	-0.41321403	-0.333638	0.42005363	0.39109272	-0.36751527
0.58213866	0.5262756	0.44164544	-0.4428819	-0.45499086	0.58522224
-0.3641837	-0.3857645	-0.358743	0.3937892	0.3756739	-0.3223497
-0.089837536	-0.047418058	-0.065266185	0.1137347	0.13674985	-0.043647073
-0.6328891	-0.7007762	-0.7190359	0.6903932	0.6892171	-0.7751632
0.17500721	0.2141974	0.1853231	-0.21661808	-0.15779552	0.106314294
-0.2506132	-0.25194198	-0.24441944	0.24967593	0.19420937	-0.19659303
-0.7847444	-0.8197686	-0.7973269	0.816943	0.7975406	-0.7196618
-0.5717019	-0.61868876	-0.6460611	0.6293451	0.61978155	-0.539389
0.08802524	0.060447253	0.12635738	-0.06811623	-0.07933395	0.086097516
-0.36327374	-0.42769855	-0.44063258	0.4738953	0.36495808	-0.41392457
0.32967407	0.2985893	0.27481788	-0.2581154	-0.32309	0.22674862
0.5926178	0.53004915	0.56440085	-0.53044254	-0.5460344	0.5783524
1.7863863	1.7286147	1.7244791	-1.7520753	-1.7334962	1.6617316
-0.03005019	-0.03216508	-0.054375697	-0.012373396	0.012818968	-0.020304704
-0.5016594	-0.5588471	-0.50354254	0.47356313	0.48348305	-0.44618204
0.39018753	0.4064467	0.39093593	-0.4509678	-0.4248981	0.36544064
-0.510217	-0.53971714	-0.5479529	0.4957894	0.5010806	-0.41116142
0.25405824	0.1730622	0.29049996	-0.2335248	-0.30030116	0.26898268
0.33957803	0.3219993	0.2765176	-0.34052372	-0.3081909	0.3366824
0.7582756	0.81401783	0.7398679	-0.81311405	-0.81524193	0.7579069
0.4202932	0.4209655	0.42039117	-0.46856493	-0.37517363	0.40402243
0.5829072	0.52820903	0.58529764	-0.54722416	-0.5667377	0.5965975
1.713648	1.7639176	1.7910994	-1.7707937	-1.7605646	1.5890894
-0.11909985	-0.16796209	-0.15504964	0.18994483	0.10431317	-0.15151313
1.5262895	1.583424	1.5629892	-1.5735186	-1.5489056	1.5034934
1.2934421	1.2768313	1.2596484	-1.2202088	-1.327299	1.1832464
0.753111	0.7065756	0.7350945	-0.70954466	-0.6951286	0.71350044
1.2986828	1.2093122	1.2685112	-1.2164745	-1.2814132	1.2248442
-1.1592026	-1.1902292	-1.1751944	1.1753702	1.2082742	-1.101114
0.16106476	0.11141097	0.14512545	-0.22123033	-0.1649475	0.070880435
-1.4510642	-1.4468883	-1.4418868	1.4276707	1.4395514	-1.3157431
-0.98210335	-0.9983903	-1.0444144	1.0040872	1.0117035	-0.9719797
1.6388476	1.5673327	1.6728306	-1.628216	-1.6322424	1.5403713
-0.08878668	-0.14032255	-0.11316784	0.13395083	0.08873776	-0.0633009
1.3095226	1.2937518	1.3998092	-1.3222823	-1.3316591	1.245371
-0.57133466	-0.52824676	-0.5519978	0.585855	0.5963772	-0.55873674
-0.33966342	-0.35325754	-0.30967993	0.27505577	0.2755021	-0.2956317
-0.10208214	-0.06263496	-0.026335642	0.09052041	0.103672646	-0.1043484
0.8692875	0.88600814	0.8652762	-0.9400982	-0.96485555	0.93934035
-0.0050157374	-0.051032845	-0.056448553	0.081856474	0.033408143	-0.026064917
0.020905467	-0.017378645	-0.03002037	-0.03553467	0.012467935	0.067105964
0.96577775	0.88899183	1.0012467	-1.0107259	-0.92813045	0.778
0.32445076	0.34083205	0.32377836	-0.30920428	-0.28043425	0.30182406
0.20435776	0.21998765	0.18396142	-0.24647275	-0.20365544	0.19067591
-0.21687938	-0.28070763	-0.24469517	0.26700473	0.22878352	-0.18952376
-0.10113829	-0.072149724	0.0037040864	0.10250741	0.065516345	-0.070596986
0.43355012	0.4743545	0.5239726	-0.52709705	-0.5357215	0.42164287
0.4188546	0.38948175	0.36468	-0.37192214	-0.40111238	0.41267404
-0.2809859	-0.2503047	-0.23914234	0.25109917	0.33047798	-0.28447407
0.3679028	0.31428874	0.4037476	-0.3844631	-0.3554796	0.31901327
1.4453707	1.4162434	1.41286	-1.4023545	-1.4809563	1.2962714
0.86905473	0.8509259	0.91002154	-0.9341553	-0.8709572	0.7914709
-0.45934105	-0.4910816	-0.42161795	0.41243798	0.46980998	-0.39322165
0.6154245	0.61825824	0.6035088	-0.55993164	-0.6298648	0.5521642
0.8085248	0.74467915	0.7196223	-0.76251704	-0.8081208	0.85886806
1.6150433	1.5923492	1.7171016	-1.6812541	-1.6886312	1.4627774
2.2858229	2.3014073	2.2935514	-2.385707	-2.2374065	2.0889122
-0.64772993	-0.6173001	-0.6548377	0.7031541	0.6794856	-0.64859957
-0.12740253	-0.21025132	-0.2586014	0.17946085	0.2455838	-0.18133605
0.717478	0.6925962	0.640752	-0.7290881	-0.6731935	0.67766905
-0.107200265	-0.15609936	-0.16816325	0.15654409	0.04651485	-0.063861705
-0.8178094	-0.8201686	-0.80044025	0.78949654	0.76519763	-0.7408728
-0.30625817	-0.34966075	-0.3462549	0.34214404	0.37111008	-0.2759082
0.00062898424	0.00085169845	0.05919842	-0.049109183	0.021721102	0.03958845
0.6789801	0.6813593	0.7599606	-0.70906466	-0.7251242	0.67517465
0.6004203	0.61742437	0.6447677	-0.66385394	-0.66326076	0.62670535
0.45952588	0.46656883	0.44604787	-0.45496285	-0.5121587	0.44713616
0.09202143	0.06605301	0.13959165	-0.11183101	-0.12890895	0.06000341
1.1766361	1.1678389	1.217753	-1.2067162	-1.1950377	1.1394398
-0.623186	-0.6080859	-0.6585923	0.5930826	0.60531825	-0.63177633
-0.6148253	-0.6703985	-0.665253	0.69490063	0.6405767	-0.6341633
0.27640527	0.22539364	0.28779545	-0.24677345	-0.22735383	0.2786605
-0.71141493	-0.7651249	-0.84463996	0.82464015	0.7429588	-0.62631905
0.34380344	0.35641634	0.32611313	-0.36101717	-0.32248688	0.2722356
0.1331698	0.16496238	0.13363776	-0.09674099	-0.12829772	0.14695632
0.12539165	0.09559144	0.17398655	-0.14126591	-0.069862895	0.102676086
-0.71507436	-0.7109023	-0.7851445	0.71925104	0.75960034	-0.66306084
1.7342725	1.7545544	1.8694899	-1.8301681	-1.7405058	1.5780416
0.51959324	0.49464473	0.52006483	-0.53816754	-0.581126	0.5597972
-1.846467	-1.8825608	-1.8992229	1.852628	1.8335958	-1.7023872
0.39183977	0.46838757	0.39610982	-0.46865013	-0.42901322	0.45138988
0.017033096	-0.03532147	-0.0039176284	0.019448256	0.008313286	-0.010357891
0.05486593	0.020502705	0.05873486	-0.054675847	-0.06161141	0.029719073
0.26890162	0.18033656	0.19957334	-0.22081351	-0.18626148	0.26932263
0.5597473	0.58957195	0.58723754	-0.5288011	-0.52999026	0.56645054
-0.18506843	-0.2561979	-0.23486207	0.23201953	0.2391502	-0.17278615
0.3234475	0.23713943	0.23518097	-0.22497605	-0.31037423	0.32496983
-0.5132055	-0.5021013	-0.48427057	0.46103543	0.5472795	-0.4710513
-0.31871697	-0.32306954	-0.38622704	0.3803116	0.3528752	-0.3134266
1.5032004	1.5731279	1.6177292	-1.5760958	-1.5786996	1.385436
0.045029286	0.06086144	0.09245439	-0.08318606	-0.09517229	0.014712869
2.2189147	2.1973495	2.2426775	-2.2740667	-2.260608	2.1048906
0.47105047	0.39249125	0.42394564	-0.3938589	-0.4019152	0.40238157
0.6604139	0.66882664	0.70151484	-0.67044955	-0.6636482	0.72611696
-0.48428178	-0.58077794	-0.60034776	0.5847777	0.58126664	-0.5434978
0.3079087	0.19971223	0.33055452	-0.26967198	-0.24959022	0.23158251
0.42800257	0.3861011	0.3615916	-0.36736006	-0.43871456	0.43236685
1.3294156	1.3537916	1.3543375	-1.4217722	-1.3259933	1.2946459
0.52303064	0.542372	0.53116995	-0.58676314	-0.5520794	0.5351455
-0.70620376	-0.81528914	-0.8230318	0.7279072	0.69523776	-0.7098609
-1.054323	-1.1522222	-1.1564989	1.162763	1.1714233	-1.0682415
1.2355272	1.1931981	1.3041027	-1.2915266	-1.1859831	1.1404086
0.45599434	0.45000368	0.4368027	-0.40503535	-0.3695691	0.35841772
0.51505727	0.49881852	0.5066328	-0.532417	-0.5390185	0.4483729
-0.6564723	-0.7414584	-0.70972675	0.69729674	0.7167441	-0.6612828
0.5967276	0.5844277	0.51041436	-0.5294086	-0.6264332	0.6341161
-1.4099673	-1.4238446	-1.4852296	1.4749829	1.4068202	-1.3165362
0.8820349	0.86590236	0.814305	-0.91088516	-0.8513589	0.7951201
-1.5070003	-1.4935062	-1.6056631	1.5424407	1.5924966	-1.426251
0.477133	0.40792653	0.45916858	-0.42149666	-0.47348455	0.42788267
1.3984424	1.3908174	1.385676	-1.4837495	-1.3424789	1.3058141
0.782918	0.73788965	0.7873894	-0.7475465	-0.778387	0.71429336
-0.43550092	-0.39052704	-0.3835031	0.38698018	0.42322883	-0.36213055
1.2009293	1.1054974	1.1771222	-1.1233984	-1.1715126	1.1371659
0.035166726	0.07783673	0.054393332	-0.021320963	-0.031566318	0.041825693
-0.16186444	-0.11702821	-0.11684877	0.15440044	0.1663526	-0.13754678
0.94418985	0.95320046	0.88128656	-0.9420956	-0.94163495	0.8803593
1.6802329	1.675471	1.7531134	-1.7633024	-1.7082316	1.6796973
0.3604737	0.38933125	0.37838495	-0.35661128	-0.3534337	0.43236044
1.5967007	1.5519636	1.5698367	-1.5369166	-1.5835793	1.5073019
0.36680868	0.3314991	0.4631495	-0.3712822	-0.3670781	0.36749798
0.86212224	0.7999033	0.8996601	-0.84486395	-0.86798495	0.84288263
-0.39629796	-0.46629614	-0.45404384	0.47654215	0.40747714	-0.42475516
0.233855	0.21471912	0.21916555	-0.16907813	-0.22650596	0.1798081
-0.10808881	-0.1678798	-0.18454921	0.1403492	0.17964485	-0.11599575
0.80824804	0.7669878	0.7695018	-0.76114124	-0.70440656	0.7502878
-0.062053382	-0.06815165	-0.08047347	0.070928924	0.08854326	0.014225493
0.74108374	0.69217384	0.75497824	-0.703085	-0.6753065	0.5880762
1.6772971	1.5697964	1.6780393	-1.6739388	-1.6172225	1.5780108
0.10758644	0.07252421	0.16321513	-0.07921451	-0.14707372	0.17837238
2.8923955	2.912265	3.0562205	-2.9520667	-3.000337	2.808727
0.41716328	0.46341762	0.38118654	-0.4311108	-0.41029757	0.33350137
-0.8396495	-0.8394997	-0.8657956	0.92088836	0.8789994	-0.7936602
-0.5964002	-0.6046539	-0.5816599	0.5451952	0.56315243	-0.54671884
-0.98515016	-0.9613848	-1.0077049	1.0761259	1.0226548	-0.9502921
0.5579816	0.5209568	0.65237755	-0.5665462	-0.61106384	0.43250906
-0.14826564	-0.14475134	-0.12240254	0.11029827	0.12848456	-0.15184222
0.7436306	0.6898431	0.6652644	-0.6505901	-0.6916071	0.6277416
-0.47677732	-0.53800446	-0.55842817	0.5603862	0.51581794	-0.48274603
-0.87040377	-0.81820273	-0.8983247	0.92054206	0.85195225	-0.75730497
0.21564743	0.17570384	0.13241167	-0.19399717	-0.120822765	0.16205768
0.6691017	0.59272236	0.65164256	-0.59263444	-0.62640184	0.5579577
1.5948101	1.6869287	1.6596596	-1.6439339	-1.689306	1.4989341
0.08614081	0.07083966	0.053077035	-0.089020684	-0.08087596	0.09983071
0.043822695	0.033009633	0.05347939	-0.026788866	-0.03976946	0.051346086
-0.42808393	-0.5062153	-0.51109374	0.5224019	0.44470227	-0.50290936
-0.8199305	-0.7860181	-0.76027167	0.8541045	0.74981916	-0.7013274
0.6520944	0.6100916	0.5981206	-0.54609585	-0.5522331	0.61784786
-0.50047123	-0.4336893	-0.47793168	0.48220327	0.46212116	-0.4795716
0.5465195	0.51357114	0.4969338	-0.50104827	-0.4958507	0.5153735
-0.03876067	-0.016128281	-0.006173622	0.019126127	0.017897658	0.04230414
-0.24261841	-0.29794776	-0.18448536	0.18136615	0.27374232	-0.23280442
0.098694146	0.14657412	0.079399906	-0.11659692	-0.14746664	0.15150352
-0.4517698	-0.44892073	-0.47900176	0.45836368	0.4675126	-0.44363868
0.02863774	0.006559647	0.008983676	0.0008895388	0.04216672	-0.02124513
0.7700211	0.77509236	0.7615944	-0.8082465	-0.81639284	0.8296862
-0.09098296	-0.05508904	-0.11581435	0.068329304	0.104461536	-0.07674519
1.8071071	1.7846595	1.8299408	-1.7776214	-1.789914	1.6466451
0.012572722	-0.018822975	-0.0057493392	-0.00077698106	0.0077187535	0.01076337
0.6205838	0.5882269	0.53598505	-0.5951019	-0.6352215	0.6460529
0.48076832	0.47580948	0.4656264	-0.5155344	-0.49687558	0.5141692
0.7928678	0.80708057	0.8906662	-0.8817191	-0.8229565	0.81416047
2.7865057	2.808391	2.8998713	-2.849798	-2.7676327	2.6433923
-0.2725609	-0.3756171	-0.3403654	0.28488648	0.31555384	-0.36622855
0.44156167	0.39316115	0.44467133	-0.42777875	-0.45924553	0.36098322
-0.8643017	-0.89073396	-0.9117083	0.9452671	0.9339937	-0.83317417
-1.3216516	-1.3317467	-1.3312472	1.3714356	1.3663594	-1.2671493
0.23737235	0.32641166	0.25551543	-0.2810226	-0.21983439	0.2810779
0.37898174	0.36666816	0.4232576	-0.38211888	-0.37784532	0.46300325
0.42303842	0.44921657	0.45181683	-0.4376042	-0.38822788	0.37179884
-0.29001352	-0.35626823	-0.33608636	0.32169953	0.30665147	-0.32732895
2.2670496	2.2823715	2.3159125	-2.3085513	-2.3051195	2.1222677
-0.43478447	-0.43706626	-0.4583284	0.47953978	0.46911475	-0.40948117
-0.49637803	-0.49757338	-0.4341715	0.50403315	0.47687507	-0.4458292
-0.6598854	-0.5946882	-0.6354985	0.67221284	0.71449095	-0.63188547
0.8341907	0.9169091	0.9210852	-0.83504033	-0.88347787	0.7990804
0.7872953	0.7648514	0.78034353	-0.74198014	-0.75508624	0.7895077
0.86990297	0.8172606	0.83112293	-0.8826278	-0.822681	0.84293103
2.6873686	2.793589	2.8620412	-2.76103	-2.7457693	2.612475
-0.5796487	-0.627681	-0.6368149	0.6181576	0.63674587	-0.56393766
-0.3092659	-0.29124138	-0.43476722	0.32999218	0.31715623	-0.36729738
0.31425	0.3328442	0.39264485	-0.33812174	-0.28428474	0.28305772
-0.27264562	-0.2572784	-0.33799726	0.33828393	0.3302356	-0.22056328
2.1756184	2.1312444	2.2757475	-2.2509336	-2.1682327	2.0961106
0.42899513	0.42601553	0.413821	-0.41475835	-0.36234832	0.42108363
0.2130113	0.22944902	0.16278365	-0.2025129	-0.16943797	0.13926868
0.33256772	0.25892895	0.3167496	-0.27142194	-0.28824982	0.37555975
-0.060926683	-0.12388263	-0.14477138	0.15485759	0.12122284	-0.056011394
1.0912209	1.0382354	1.0411115	-1.0857296	-1.036956	1.0188649
0.33267215	0.33510616	0.34830424	-0.34831044	-0.33832726	0.2976846
0.34428215	0.27061227	0.28564352	-0.2713433	-0.23544553	0.2871243
0.13487925	0.17302698	0.20807339	-0.20652176	-0.11751986	0.10836136
0.71723646	0.6945401	0.70479494	-0.7200633	-0.71139216	0.6388537
-0.028629983	-0.073765986	-0.027216969	0.028758388	0.044193186	0.004978689
-0.15619658	-0.16929677	-0.21459144	0.15110236	0.21252011	-0.21036078
-2.2768993	-2.3481038	-2.3451371	2.3497643	2.3557703	-2.152764
0.8950132	0.85713077	0.901043	-0.94963497	-0.8432714	0.8973282
-1.2912667	-1.3007818	-1.3920497	1.373868	1.2544717	-1.2397633
0.122011624	0.12128222	0.11211694	-0.08049852	-0.14671108	0.11768033
0.41003162	0.37509727	0.37916785	-0.36640817	-0.33405846	0.45208964
0.28181466	0.24550039	0.25433666	-0.2665043	-0.22339831	0.17308699
0.02383535	0.018463258	0.0014468951	-0.034146328	-0.0033068357	0.0462535
-0.8246256	-0.8732209	-0.9522895	0.8400435	0.8478433	-0.85061485
0.76151043	0.7653302	0.72037226	-0.70517576	-0.69416374	0.6987436
-1.448084	-1.4221628	-1.399748	1.4867909	1.4821578	-1.3677231
-1.7956653	-1.853811	-1.857685	1.9328136	1.8700958	-1.7708836
0.35052872	0.29207674	0.32701686	-0.30481198	-0.25937873	0.2973193
0.4340989	0.36031592	0.41140705	-0.4152288	-0.33379117	0.38130134
-0.20324475	-0.15735018	-0.19989103	0.24959946	0.22263709	-0.17463715
0.5247702	0.548122	0.5665405	-0.5283889	-0.50027925	0.49748224
-0.2136835	-0.2842729	-0.25273874	0.3071612	0.2537969	-0.21543387
-0.0026526507	0.003373143	0.010292898	-0.008842697	0.01714539	-0.043312285
0.34410217	0.3198969	0.36076802	-0.27780923	-0.32732034	0.36196238
0.2848153	0.23737617	0.32532206	-0.28580093	-0.31289524	0.29882717
2.1378236	2.118461	2.1391695	-2.1682534	-2.0468836	1.9836901
-0.600533	-0.5900185	-0.5780766	0.6719485	0.6658064	-0.56973845
0.39142984	0.422956	0.44287834	-0.4040388	-0.34961283	0.39980283
-0.27387407	-0.3294004	-0.2755998	0.29469836	0.29921827	-0.24438927
1.0286658	1.035427	1.0834954	-0.99370825	-1.0254927	1.0279769
0.25587428	0.2559146	0.18341096	-0.22994988	-0.25903443	0.2701933
0.31758687	0.2620434	0.3393589	-0.33456573	-0.32316744	0.2591615
0.10452017	0.12685567	0.12688838	-0.09734996	-0.08095331	0.16004255
0.47559723	0.44550866	0.4327811	-0.46314332	-0.42055878	0.5293324
-1.1433159	-1.110265	-1.2030056	1.0980161	1.1550195	-1.070842
0.73483646	0.7530619	0.7506273	-0.67985797	-0.7118044	0.7503792
-0.26576	-0.27997205	-0.24005476	0.251688	0.2877664	-0.25248632
-0.046650663	-0.0935225	-0.04700996	0.048766464	0.025883028	-0.072982565
-0.8254308	-0.85387933	-0.9024537	0.89020085	0.90770924	-0.8943779
3.7786944	3.815421	3.8322537	-3.8304546	-3.7772405	3.6258976
0.3833781	0.33882535	0.38604704	-0.32977432	-0.38817158	0.3099914
0.12515382	0.089749485	0.11905343	-0.12590398	-0.094998755	0.13881308
-0.81807363	-0.86203736	-0.94401443	0.8423699	0.83022445	-0.88724595
-0.76494294	-0.7819227	-0.7724694	0.79070604	0.70744205	-0.7120574
-0.6319939	-0.68785435	-0.6559287	0.6368499	0.7223542	-0.6460616
-0.41245094	-0.37841156	-0.48149168	0.4589464	0.4438175	-0.44770834
0.0046311426	-0.027951004	-0.046466265	0.03383796	-0.00088258635	0.03377464
2.4262958	2.3686497	2.4707823	-2.4000382	-2.4856915	2.332425
-0.3277848	-0.3365461	-0.36334237	0.2654783	0.30692983	-0.2628626
0.98140043	0.93126285	0.9241701	-1.0068495	-0.9586071	0.9588931
-0.69907403	-0.7221141	-0.7656	0.70131963	0.72877777	-0.6800858
-0.40517306	-0.4673364	-0.44586197	0.39622393	0.43945605	-0.43684626
0.05243448	0.054656412	-0.035063248	-0.043295793	-0.057123378	0.08224623
0.34198898	0.2671282	0.3140237	-0.29905334	-0.35159233	0.31570515
-0.520636	-0.55147463	-0.55994606	0.5492181	0.53428394	-0.46744788
0.37824386	0.3732038	0.36254093	-0.39425352	-0.2859311	0.26215968
-0.4852341	-0.4740971	-0.5978124	0.549217	0.52452356	-0.4912812
-0.802058	-0.82295084	-0.78161407	0.8438279	0.81597257	-0.7027801
-1.4510618	-1.4340088	-1.5300782	1.4413489	1.4477118	-1.323646
0.9055726	0.84294796	0.9628783	-0.88704246	-0.8255799	0.8072583
-0.07549178	-0.1391693	-0.13382842	0.12846321	0.06675965	-0.07485469
1.0888308	1.1478547	1.1723416	-1.1440283	-1.0701736	1.0217694
-0.5753552	-0.5337755	-0.5601869	0.5619785	0.58648944	-0.47909352
0.8388351	0.89140713	0.87333447	-0.8899314	-0.81004035	0.766987
0.079623975	0.007519174	0.05275219	-0.06182474	-0.12351836	0.0916758
-1.2649262	-1.3463303	-1.3693465	1.3556327	1.3004144	-1.1878451
-0.25977734	-0.31218982	-0.2582706	0.25743726	0.2964065	-0.2626366
1.5741057	1.5486951	1.6323636	-1.6164061	-1.5737954	1.5086375
0.82516026	0.8413251	0.7636561	-0.8164056	-0.7854942	0.8450799
-0.124821305	-0.16338986	-0.21309337	0.1631684	0.16345875	-0.073496155
-0.70117176	-0.726754	-0.7004584	0.67311865	0.71332616	-0.64102733
-0.1026126	-0.15314977	-0.11377926	0.19027716	0.06271296	-0.11785643
0.11582594	0.14751172	0.11147876	-0.088162765	-0.058075815	0.14014466
0.0014692898	-0.0029299736	0.052053466	-0.08569407	-0.07110549	-0.015082643
0.4127824	0.42783365	0.42480722	-0.3650877	-0.39458412	0.42132524
-0.35581002	-0.3417116	-0.3140674	0.37729797	0.36217788	-0.3929885
1.5511847	1.5741687	1.6146646	-1.6266971	-1.5180272	1.5197805
-0.25034738	-0.3245443	-0.3032419	0.25609803	0.32777876	-0.24462743
-0.49951434	-0.4303345	-0.4837632	0.48955864	0.48617136	-0.5136818
-1.5020607	-1.4920576	-1.5602494	1.541052	1.5277184	-1.4397975
0.20059411	0.19316968	0.1856245	-0.24526459	-0.14574689	0.20660593
-0.5846346	-0.64788955	-0.6235604	0.65926677	0.67904335	-0.60750467
-1.3551584	-1.3216443	-1.3778759	1.3518299	1.3620958	-1.2521442
0.062225573	0.053934317	0.11608211	-0.08137801	-0.07091798	0.074571125
-1.4978355	-1.5512207	-1.5260857	1.5253022	1.5266085	-1.4553919
-0.15860072	-0.12207696	-0.16161925	0.15988171	0.14995272	-0.11701743
0.2885165	0.21922657	0.18871206	-0.19967447	-0.22883941	0.30473772
-0.113555625	-0.14573117	-0.17498292	0.1904635	0.13626947	-0.08603441
-0.71961105	-0.79546344	-0.7257479	0.825411	0.72169626	-0.7143768
0.327192	0.31028736	0.33197826	-0.2990507	-0.2950357	0.29040188
-0.64468765	-0.6594127	-0.6280628	0.62910706	0.6288145	-0.5358575
0.79630214	0.79444045	0.77953845	-0.8061032	-0.77938366	0.7656624
1.4784536	1.442433	1.4831609	-1.5437177	-1.5050924	1.3522568
-1.5335355	-1.5284674	-1.5364026	1.5962503	1.6117784	-1.438005
0.24563093	0.27452752	0.35004342	-0.33791855	-0.27994525	0.19227639
0.4746309	0.5304289	0.45191863	-0.54376256	-0.51348513	0.47071993
0.39967865	0.3606313	0.37255675	-0.36430576	-0.36012432	0.29695195
1.8078228	1.8352116	1.8428574	-1.8272773	-1.840211	1.7188184
0.8018913	0.7521931	0.7407699	-0.75788546	-0.78356725	0.6941234
-0.053895038	-0.06440896	-0.1617133	0.1298588	0.16389468	-0.03745932
-0.73789173	-0.7558762	-0.79477626	0.79063207	0.8092725	-0.6951751
0.2379686	0.2421146	0.18596178	-0.25360426	-0.15318792	0.25268692
0.41723552	0.3991523	0.38917208	-0.39648142	-0.40286168	0.40339053
0.4759586	0.36497933	0.43835402	-0.4476593	-0.47048098	0.4035541
1.8459797	1.811449	1.9445868	-1.8802451	-1.8834081	1.8012625
2.1557035	2.1793206	2.1643975	-2.2110987	-2.151998	2.1565638
0.32872978	0.24222018	0.27674186	-0.34582433	-0.31020594	0.28718653
-0.5901563	-0.65827787	-0.59935117	0.6651304	0.55782056	-0.5468537
0.55996853	0.5397774	0.5392554	-0.53490657	-0.56895494	0.5447447
-1.5425725	-1.5979264	-1.5900542	1.5999453	1.6563097	-1.5955868
-0.29635993	-0.33404824	-0.3418817	0.3818957	0.40508088	-0.30166075
0.011088894	-0.06016852	-0.031239677	0.050381117	0.030983452	0.0036260972
-0.29450428	-0.343873	-0.36819422	0.33406684	0.34664017	-0.3741648
-0.98477185	-0.9385319	-0.9667433	0.977653	0.99759734	-0.90639395
-0.5431928	-0.52735585	-0.50013644	0.5879561	0.59339106	-0.500596
0.051595643	0.03873349	0.0055510756	-0.04848329	0.0077720424	0.08677704
0.38650826	0.37910146	0.38019317	-0.4120709	-0.34843582	0.30708003
0.06286175	0.07239284	0.016775528	0.02155181	0.037888996	-0.019148258
0.31376922	0.35937136	0.34169042	-0.3161841	-0.29423422	0.3465394
-0.8869	-0.8811623	-0.94152576	0.9428058	0.9138018	-0.8369637
-0.011027177	-0.047213346	-0.026116451	0.09522754	0.035317503	-0.023430552
-2.333708	-2.3231337	-2.3262496	2.3755145	2.3865702	-2.254407
-1.0687194	-1.098042	-1.0566317	1.1216459	1.0500026	-1.0009859
0.40632606	0.38338608	0.396955	-0.3656717	-0.38705173	0.35250363
0.077653654	0.046480257	0.103299305	-0.06278225	-0.101290554	0.1662899
-0.79853016	-0.8414275	-0.8503546	0.87867004	0.8698453	-0.8396151
1.8968004	1.9032857	1.9198332	-1.9203885	-1.8198993	1.7485168
0.30879468	0.27476558	0.30715254	-0.29277098	-0.22966619	0.31030464
-1.1628333	-1.1766715	-1.2468965	1.1743435	1.186524	-1.0941161
0.32324502	0.29715437	0.33719924	-0.32567894	-0.3328808	0.2697858
-0.5763802	-0.506146	-0.5149194	0.5515668	0.5278408	-0.543334
0.11777034	0.11364524	0.15148649	-0.14748096	-0.15081297	0.057364274
-1.5704188	-1.5750933	-1.637303	1.6598316	1.6091123	-1.5202781
0.81024176	0.7485981	0.7760832	-0.7949896	-0.77300346	0.7674989
-2.0670824	-2.112938	-2.1942165	2.147307	2.078244	-2.0084765
0.13880187	0.10330455	0.18565658	-0.14180914	-0.12213944	0.115810804
-0.8873704	-0.9726247	-0.914745	0.961906	0.93107706	-0.88111275
1.0296787	1.100633	1.0748211	-1.082732	-1.003354	1.0394078
-1.0109392	-1.0131668	-0.9902079	1.0711712	0.9846896	-0.95286596
1.3282944	1.3369292	1.3290144	-1.3157	-1.3528322	1.2686985
0.16757	0.18626384	0.20163769	-0.18924202	-0.18652347	0.17299579
-0.046106733	-0.08300403	-0.073840745	0.10610902	0.112143554	-0.08210638
0.76445806	0.8037177	0.8008248	-0.76318735	-0.7768761	0.82646805
-0.82430875	-0.89224267	-0.8483439	0.91228515	0.80064386	-0.73725826
0.42613629	0.39483884	0.36465842	-0.3731031	-0.4111274	0.3271474
-1.4170134	-1.4386683	-1.5113324	1.4520973	1.5308517	-1.335069
0.33721825	0.42662412	0.39563227	-0.34940943	-0.41105318	0.30969
0.29646802	0.30322057	0.31785765	-0.22061284	-0.2671055	0.31059203
-0.041679487	-0.086143754	-0.033768363	0.08833979	0.10166535	-0.022218505
0.25940663	0.2707384	0.2772127	-0.23085453	-0.24474154	0.29342625
0.10731373	0.122930795	0.11471624	-0.14984013	-0.09385753	0.11026385
0.009887072	0.020141209	-0.058835376	-0.045495637	-0.055045974	0.026533708
1.2605319	1.315859	1.3077437	-1.2576491	-1.2867562	1.2077861
-1.1609622	-1.1327986	-1.1218501	1.2089236	1.2090153	-1.0999357
0.7290887	0.6850318	0.679251	-0.7352646	-0.78334343	0.6455577
0.33115754	0.38585	0.39447594	-0.41817796	-0.36974755	0.30229235
0.74672955	0.8028762	0.7276554	-0.77945125	-0.7660313	0.79667276
1.1566368	1.2125932	1.2406101	-1.2262933	-1.1728655	1.0463015
-0.29864866	-0.2862783	-0.30023387	0.2542761	0.32283553	-0.2353535
0.26630569	0.32245937	0.29178545	-0.31363094	-0.34158275	0.2700445
-0.5686863	-0.5023246	-0.5551379	0.6305125	0.5698881	-0.56768554
0.55056584	0.4651207	0.52889186	-0.49468443	-0.47351092	0.4670315
1.4974005	1.5905961	1.4876361	-1.5196657	-1.5254415	1.4379036
1.3603201	1.3489159	1.3768406	-1.2966942	-1.2739574	1.2028558
-0.7952632	-0.83704644	-0.8626363	0.8813672	0.7583381	-0.7485186
-0.93241155	-0.8718681	-0.9329823	0.882035	0.88007706	-0.904942
0.7017364	0.6218272	0.6398548	-0.692686	-0.655024	0.7000534
-0.9493974	-1.038379	-1.039404	1.0154372	1.0303239	-0.9019713
1.4339612	1.3723865	1.3806071	-1.3326988	-1.4204729	1.3609618
0.44242334	0.44365716	0.4569808	-0.38295653	-0.41913852	0.46755195
1.1589935	1.1601827	1.1440561	-1.200369	-1.1301798	1.1060928
2.3493898	2.2706485	2.3610613	-2.3378675	-2.2915764	2.235947
0.3973774	0.39642817	0.3806905	-0.3449543	-0.36202896	0.3604453
0.060246963	0.021051187	-0.033740908	-0.028461924	0.009349087	0.02746631
1.2605354	1.3129487	1.3434635	-1.3022864	-1.3304287	1.1746536
0.4700429	0.4864656	0.50501543	-0.51973397	-0.48744655	0.44958347
0.91537017	0.8918887	0.93033695	-0.8990601	-0.9087887	0.840255
0.76479053	0.68172735	0.76147246	-0.6701912	-0.71946114	0.7495476
-0.008185198	-0.026921352	-0.097970404	0.04829287	0.04568867	0.018631976
0.11028379	0.074614555	0.022679044	-0.07623705	-0.04988144	0.081387855
0.9163285	0.87160254	0.8635773	-0.92376816	-0.88003457	0.94352156
0.1910207	0.21756884	0.2048517	-0.21950175	-0.21152158	0.18714139
0.30722067	0.21810256	0.2372584	-0.2989556	-0.25470316	0.26044312
1.6531473	1.673971	1.6042346	-1.6654146	-1.5853069	1.5523728
-1.0875331	-1.1532185	-1.1163456	1.1102884	1.126066	-1.1094122
-0.20793952	-0.18479352	-0.25183186	0.22391108	0.23111449	-0.24274445
1.2015551	1.1883843	1.309198	-1.2043058	-1.2446954	1.1721631
-0.4545066	-0.46064642	-0.5065947	0.50191593	0.44312194	-0.4376037
0.7207612	0.7253245	0.7478311	-0.7796456	-0.69079906	0.7071284
0.97360677	1.0063697	1.0234064	-1.0197195	-0.9397046	0.90059125
0.76921004	0.7980726	0.7977858	-0.8205149	-0.8116759	0.78145105
-0.51532483	-0.45909265	-0.53015584	0.489729	0.560342	-0.5117168
0.9223569	1.0103581	1.0044533	-1.011388	-0.8996312	0.8986082
1.5646237	1.6544938	1.6456155	-1.6600262	-1.6329539	1.5944471
1.1449282	1.1789902	1.14294	-1.1355469	-1.0865204	1.0830234
0.17945597	0.12810253	0.191885	-0.21453932	-0.18038599	0.13785656
-0.1373588	-0.09003026	-0.093753606	0.07409002	0.08170958	-0.16032742
-0.51442146	-0.52607244	-0.494916	0.46966216	0.46722543	-0.44026357
-0.08699213	-0.07799437	-0.0890095	0.18379055	0.06731594	-0.10793951
0.43534023	0.50688225	0.45696756	-0.4918695	-0.4489467	0.47079965
-1.046911	-1.0111766	-1.0654768	1.0296375	1.0387846	-1.0464329
-0.37131387	-0.4371715	-0.34079817	0.35808793	0.42879525	-0.40141895
-1.127642	-1.0571908	-1.0649738	1.0873101	1.0954523	-1.1110395
0.16738884	0.1293891	0.10772087	-0.1026258	-0.13323264	0.1592359
0.079696186	0.023565484	0.05400645	-0.014497533	-0.004544616	0.055096786
-0.80653733	-0.80737823	-0.8027865	0.85012937	0.80801344	-0.8061363
1.3818153	1.3334081	1.3819523	-1.3470299	-1.3884624	1.3156734
0.38996533	0.41592148	0.49094528	-0.40370098	-0.44480625	0.38960984
1.0754684	1.0331649	1.0824418	-1.0896642	-1.0490239	1.0276002
-0.061028834	-0.07348299	-0.041177753	0.107824855	0.039296016	-0.016709432
0.88814807	0.87512696	0.8132502	-0.8365373	-0.78793544	0.8433204
-2.413321	-2.5228322	-2.4600418	2.4488525	2.4088736	-2.3953614
0.18757062	0.085590765	0.17424563	-0.21902277	-0.1390075	0.06988417
-0.24210909	-0.22713931	-0.27472582	0.28471318	0.26115945	-0.19357476
0.582941	0.48356903	0.54917455	-0.5831549	-0.60358304	0.5300013
0.2554588	0.24719395	0.28417176	-0.3088517	-0.26210463	0.20595615
0.007349556	-0.051572666	-0.06929524	0.06978597	0.06810885	-0.09600497
0.8934908	0.81616175	0.8846201	-0.87240124	-0.8789076	0.8829585
-0.35013387	-0.3295642	-0.32578722	0.3238026	0.36933133	-0.3386406
0.22743814	0.20748518	0.23425582	-0.2524543	-0.25291103	0.20975505
-1.358322	-1.4656937	-1.4618115	1.4680089	1.5037035	-1.3108752
1.1994107	1.2057503	1.2836692	-1.3019844	-1.233029	1.1502228
1.3294071	1.2774656	1.2760032	-1.3668224	-1.2610906	1.2375859
0.7545232	0.70414	0.7762542	-0.7051202	-0.7394698	0.7273326
-0.4657458	-0.46890944	-0.46024626	0.395864	0.45197335	-0.3935035
1.8648897	1.8485622	1.8630735	-1.8861805	-1.863985	1.720953
-0.2826135	-0.36665237	-0.28916985	0.3512792	0.26350424	-0.2995087
1.4407164	1.475092	1.5379493	-1.575217	-1.5336535	1.4316105
-0.88981783	-0.9154206	-0.92954415	0.924172	0.91997325	-0.88121456
0.034438662	-0.024764704	-0.005880203	0.01989565	-0.10476003	0.05066531
-2.879663	-2.898605	-2.8678613	2.9821274	2.9596195	-2.8153996
0.91482615	0.86173636	0.9047827	-0.8713375	-0.8944473	0.8922606
-0.8329939	-0.8170578	-0.8698077	0.88811976	0.8346723	-0.7329396
1.2867254	1.2572563	1.2022007	-1.2767786	-1.214066	1.1465176
-0.5481706	-0.5718283	-0.60690314	0.54022473	0.6354544	-0.5187282
-0.27690667	-0.25009817	-0.24330932	0.2669023	0.26734585	-0.19728132
0.1800391	0.21393625	0.17765474	-0.18854235	-0.19205242	0.12803335
-1.4805567	-1.4827267	-1.4935242	1.4567538	1.4747943	-1.385054
-0.71666163	-0.79617804	-0.7710673	0.800934	0.73949486	-0.7748646
0.88659656	0.9209417	0.83781743	-0.8682308	-0.8422391	0.9103691
-0.97501665	-0.91852003	-0.9686327	0.96891	0.9993638	-0.9254342
0.6051531	0.5689085	0.5893698	-0.5691909	-0.6165715	0.60074073
0.2535676	0.20733559	0.1950332	-0.21850848	-0.17341371	0.21242669
0.48550752	0.47654793	0.47582588	-0.5068001	-0.4821522	0.51175106
-0.6554105	-0.58526033	-0.6446715	0.65471506	0.6549806	-0.6088048
-2.520828	-2.5595613	-2.6460183	2.584058	2.6436617	-2.488664
-0.8160733	-0.81250954	-0.864399	0.8627962	0.8937069	-0.8378808
0.23970614	0.17299378	0.212075	-0.18472098	-0.25844115	0.20340323
1.6900821	1.7026814	1.775875	-1.7826619	-1.7348522	1.5950977
0.70841557	0.7191641	0.75736624	-0.78323776	-0.7742418	0.74504316
0.9891687	1.0017153	1.0158385	-1.0636669	-1.0835872	0.99249226
-0.52801454	-0.50310224	-0.5350886	0.58979714	0.5540726	-0.44937077
0.71382153	0.67846185	0.7513432	-0.71752787	-0.6532871	0.70870167
-1.3403591	-1.3002276	-1.316684	1.2891793	1.3392822	-1.23697
0.06163294	0.045835137	0.10667801	-0.10662312	-0.06415929	0.114716
0.23956133	0.2959571	0.24375284	-0.28060558	-0.29701695	0.21678738
-0.48495615	-0.5096829	-0.4466932	0.51607734	0.4719224	-0.4342014
-0.11408143	-0.1253071	-0.18260968	0.15370528	0.19317026	-0.114003405
-1.6231906	-1.6487185	-1.6841979	1.6856136	1.6792198	-1.6580267
0.97652787	0.90326786	0.8944257	-0.97392243	-0.9432289	0.9072545
-0.9759307	-0.973494	-1.0278308	1.009101	0.97473377	-0.9716499
0.17537212	0.1981142	0.11536781	-0.14183317	-0.15956335	0.1631349
2.2507598	2.3518918	2.3551195	-2.3103232	-2.367196	2.1780872
0.05976483	-0.013919386	0.05383121	-0.04632135	-0.018694809	0.06588392
-0.68742824	-0.750229	-0.6612415	0.6535505	0.6463239	-0.6579238
-0.36288232	-0.40023306	-0.3951241	0.41613382	0.43661386	-0.42473572
0.6035181	0.5027175	0.61693144	-0.62493515	-0.54267234	0.43273836
-0.17091464	-0.2083576	-0.17414686	0.13876703	0.081259765	-0.09708012
-0.5078979	-0.5098169	-0.54028773	0.5189623	0.48370445	-0.4690402
-0.9883455	-1.0640032	-1.1230203	1.1137748	1.069598	-1.0379801
0.93410146	1.0150687	1.0109011	-0.93264526	-0.89005613	0.96959704
0.37143487	0.365166	0.45574817	-0.4273423	-0.4200108	0.3506636
-0.12046585	-0.18419828	-0.1322587	0.1536252	0.22797206	-0.074400745
-0.062251195	-0.033465408	-0.11592609	0.06402906	0.10343718	-0.054848757
1.4294865	1.4452664	1.5320724	-1.4963819	-1.3999265	1.3426623
-0.9999984	-1.0134653	-0.98669237	0.99379593	1.0007799	-0.89626485
0.5268365	0.59398663	0.5707409	-0.56003916	-0.50191957	0.56054693
-0.25884563	-0.28619447	-0.34681952	0.32494414	0.2687579	-0.33531678
-0.6426998	-0.6947175	-0.75711566	0.7542415	0.71995854	-0.6448168
-1.2871515	-1.2927554	-1.3082169	1.2903036	1.2949811	-1.224102
-0.09840517	-0.005723472	-0.025315156	0.077185765	0.05467407	-0.07379968
0.65820605	0.61275965	0.5824945	-0.60644114	-0.60696524	0.6399605
1.0967185	1.1402292	1.0850408	-1.1549884	-1.1041113	1.0952237
-0.7330561	-0.7289749	-0.7032881	0.79051685	0.76425844	-0.666331
0.7396076	0.7937407	0.76423407	-0.7344834	-0.7145005	0.68235403
-1.2374563	-1.2429156	-1.2628673	1.2331367	1.2235416	-1.1985158
0.022171676	-0.011486201	0.009044777	0.05496826	-0.005902863	0.00500589
-0.70576245	-0.7696097	-0.74141717	0.71190035	0.70780796	-0.6941447
0.24166726	0.28920177	0.23826942	-0.2668895	-0.2658218	0.33249164
2.537267	2.6149163	2.6263123	-2.659292	-2.607008	2.4978685
-0.43062815	-0.35178947	-0.39855462	0.37699196	0.46873766	-0.38986906
0.72422487	0.7426312	0.7430573	-0.655363	-0.7371325	0.72714764
0.9923511	0.9422805	0.97410953	-0.9337761	-0.91777897	0.8499261
0.8904117	0.8698136	0.8849173	-0.8818408	-0.8650337	0.74217016
-0.43813008	-0.4516678	-0.46197197	0.47349387	0.4986428	-0.5127109
-0.84637463	-0.7791073	-0.79419684	0.81818944	0.8318124	-0.781594
0.29835668	0.2853082	0.3336013	-0.3102052	-0.25702465	0.33904397
-0.27449706	-0.27751568	-0.33842167	0.34325302	0.3002782	-0.29744765
-1.6720201	-1.7572099	-1.7891783	1.7747688	1.7751095	-1.6437104
1.6072723	1.6256136	1.7070497	-1.6076003	-1.5654457	1.5411942
1.124469	1.1721466	1.1477329	-1.1779057	-1.1381313	1.0582254
1.9780735	2.0433102	2.0325634	-2.0877585	-1.9777081	1.9808255
0.6730552	0.683667	0.66004056	-0.6576256	-0.68570095	0.7038129
1.1976687	1.1553427	1.1630664	-1.164946	-1.2078916	1.1614809
2.0370305	2.016069	1.9886473	-2.0461242	-2.0213618	2.027931
0.32400846	0.37565953	0.34412107	-0.3113739	-0.37550658	0.2669955
0.9538762	0.90808016	0.9064791	-0.8889673	-0.9595438	0.9884666
1.2415761	1.2372651	1.2796553	-1.238897	-1.2753968	1.2371473
1.3128786	1.3032634	1.3575573	-1.3037924	-1.2766447	1.2866197
-0.15830441	-0.09965459	-0.17966299	0.16262993	0.19921868	-0.17487799
1.2355704	1.2231401	1.2082167	-1.2022386	-1.274154	1.2845737
-0.2623292	-0.25995958	-0.24798489	0.20028915	0.24768443	-0.22789158
-0.34685624	-0.38513112	-0.3255653	0.38599557	0.4050542	-0.37484184
0.8273349	0.9078367	0.8698671	-0.91669756	-0.85089016	0.8823253
0.3424951	0.33599398	0.33806112	-0.30421612	-0.31029284	0.28868595
0.61552924	0.56570643	0.633188	-0.6221406	-0.5863691	0.5232136
0.86004025	0.9378683	0.8492199	-0.8719202	-0.8842162	0.8684349
-0.025984397	0.013586819	0.028643135	-0.042738985	-0.0035687014	-0.033244
-1.3524693	-1.4127818	-1.3866146	1.4539804	1.442689	-1.3973895
0.9073658	0.88088715	0.9143426	-0.94195205	-0.9405809	0.8577223
-0.6660713	-0.70926076	-0.70855904	0.6891575	0.71802974	-0.6933359
-0.5197834	-0.49976662	-0.44505534	0.53085077	0.5363634	-0.5050259
0.7659176	0.72429776	0.7458525	-0.7624508	-0.69870216	0.7210326
-0.9145802	-0.94154716	-0.904805	0.9767158	0.89838463	-0.8901019
-0.715448	-0.64033777	-0.68073887	0.6492431	0.652666	-0.65536696
-0.6909846	-0.73063815	-0.67108876	0.7322859	0.68301594	-0.6385565
-0.7572663	-0.6833621	-0.76699525	0.763494	0.67545867	-0.6500185
0.651565	0.69579303	0.6959717	-0.75416845	-0.6746367	0.62821054
0.82508713	0.8607435	0.9162917	-0.9669797	-0.8151009	0.7215408
-0.11777618	-0.14921518	-0.13320097	0.08029487	0.09844707	-0.071332246
1.006661	0.9698289	1.0063578	-0.9536912	-0.97620946	0.98150593
0.20394348	0.21290442	0.17496195	-0.17906097	-0.21802269	0.19783393
0.08946363	0.103609115	0.15615124	-0.09401721	-0.119412266	0.09950392
-0.17645298	-0.27799076	-0.22348885	0.1831164	0.2374595	-0.287821
-0.7581357	-0.7457243	-0.7860886	0.8153503	0.834244	-0.69019175
1.3464622	1.3092002	1.3889736	-1.3845283	-1.3814627	1.264687
1.1773795	1.1871554	1.2130232	-1.215494	-1.2097646	1.1846765
0.31507644	0.35222882	0.41306075	-0.3761503	-0.33573902	0.33421692
1.6249477	1.6791445	1.5807014	-1.6443613	-1.6381786	1.5378637
0.23390345	0.22950771	0.2852716	-0.22578335	-0.26119512	0.22970362
0.84274447	0.84584445	0.86260396	-0.8490066	-0.83795464	0.83922607
0.91863763	0.92570835	0.87253094	-0.9700739	-0.9061622	0.9159579
-0.30052236	-0.34385082	-0.32075173	0.32465595	0.31623772	-0.33132866
0.60497814	0.59398663	0.66486937	-0.66282606	-0.6769757	0.5619079
0.078178994	0.1247195	0.05970476	-0.068082005	-0.094549246	0.15035795
-0.39750138	-0.37986854	-0.43315628	0.388296	0.40796766	-0.37442946
0.96794695	0.95019555	0.942151	-1.0053855	-0.8918668	0.9518268
1.5142277	1.5001384	1.4639161	-1.4329352	-1.4910332	1.4452933
0.067964785	0.031953424	0.030196343	-0.068796284	0.002697734	0.03488181
2.2463963	2.2623963	2.2841916	-2.271701	-2.242098	2.1800742
1.5159206	1.4656948	1.5036904	-1.5157429	-1.4892551	1.4315324
0.23042984	0.21416381	0.1786144	-0.23545997	-0.18743381	0.2694301
-0.43823	-0.4411117	-0.4036461	0.50495845	0.46509212	-0.3885343
0.52671397	0.57472384	0.51715714	-0.60352993	-0.49763575	0.44378734
0.8607977	0.7997629	0.83467287	-0.8382904	-0.8579052	0.70438117
0.3233584	0.34177798	0.35912618	-0.4139041	-0.40027493	0.3763581
0.3768053	0.393755	0.37223414	-0.389527	-0.32626605	0.33143112
1.6722785	1.7534593	1.7390699	-1.7460742	-1.7368748	1.6815149
2.229606	2.1513138	2.2296638	-2.2733307	-2.1489754	2.142118
-0.32385254	-0.42822066	-0.3998929	0.38516143	0.31339908	-0.32715082
-0.3782254	-0.43413317	-0.47999418	0.48421255	0.41133752	-0.3916894
-0.04943111	-0.10332106	-0.088499285	0.057006557	0.06051524	-0.037645962
-0.53402925	-0.51414955	-0.5199386	0.52143306	0.57548255	-0.5292737
-1.0443203	-1.0598401	-1.0609728	1.068033	1.0687668	-0.9915217
0.19861151	0.17540894	0.16854393	-0.18237932	-0.21672861	0.1799934
0.34309086	0.30062675	0.266448	-0.29766783	-0.2894128	0.360329
-0.16622281	-0.16231833	-0.15498024	0.119594365	0.18892244	-0.114373736
-0.0011674737	0.015323607	-0.06850142	0.057980776	-0.014818827	-0.025425991
0.27363244	0.20566753	0.26608098	-0.2622566	-0.24293743	0.3118331
1.3580997	1.2850751	1.3270916	-1.383528	-1.3200014	1.3346672
0.5184542	0.46507594	0.52023137	-0.5112166	-0.5068588	0.43911836
0.04424713	0.06640607	0.044938315	-0.0043458426	-0.066272095	0.10067418
0.38335493	0.35863793	0.45074412	-0.43478826	-0.42669418	0.3163268
1.1165795	1.0512264	1.1369296	-1.0701377	-1.0583454	1.0015122
0.51411486	0.55855554	0.5275124	-0.559244	-0.5570506	0.4698607
1.0223835	1.0100863	0.9985141	-0.99907196	-0.99596775	1.045511
0.060160276	0.03493622	0.029868007	-0.044855148	0.06520292	-0.014562498
0.30752233	0.33809102	0.3639168	-0.3185203	-0.31574	0.24776755
-0.13228585	-0.086048104	-0.10557036	0.10068977	0.16330604	-0.07085958
-1.2298536	-1.2279072	-1.2792946	1.2694173	1.2752424	-1.1978468
0.0050161867	0.0065494734	-0.04063161	0.02457149	-0.041957088	0.008634327
-0.0037485862	-0.019974507	0.003297792	0.015019077	-0.018389387	-0.032903448
0.5121023	0.4591968	0.48153758	-0.48680362	-0.47189468	0.5161267
0.40118963	0.47047102	0.41814932	-0.40730146	-0.4798548	0.44977844
0.5604178	0.5514906	0.4908851	-0.4801893	-0.53172094	0.556262
0.5353587	0.57038087	0.6052556	-0.52221924	-0.48736578	0.5360508
0.5392331	0.5624165	0.5480542	-0.5684383	-0.53311956	0.55849373
0.11673867	0.07815936	0.12202324	-0.120978266	-0.0868555	0.13374327
-0.7491869	-0.7539577	-0.6900246	0.71193844	0.6665498	-0.7299938
0.35621282	0.40661004	0.36146542	-0.37578976	-0.37820962	0.38106534
-0.2886638	-0.21496834	-0.27195632	0.31644133	0.26284254	-0.22569476
0.36335516	0.32110348	0.3093338	-0.3388952	-0.40883932	0.42021835
-0.1430195	-0.14721557	-0.13659762	0.13877732	0.1963475	-0.08750853
-0.29809815	-0.29418176	-0.32170853	0.33079153	0.2952184	-0.2573545
-0.25691095	-0.26493213	-0.14714338	0.23130526	0.24285989	-0.23985839
-0.16619399	-0.20212658	-0.13943088	0.116426006	0.13612732	-0.14189033
0.92437637	0.88841367	0.89684254	-0.91925865	-0.994926	0.9011969
0.21495326	0.13818517	0.16477336	-0.12181272	-0.12511562	0.14173006
-1.0653335	-1.0783637	-1.099859	1.0738494	1.0190899	-1.002428
-0.20975721	-0.22426192	-0.23244475	0.24242793	0.26804647	-0.20779605
0.4727894	0.39781797	0.49817237	-0.4417734	-0.46235862	0.40598068
-0.10159933	-0.1694622	-0.16304955	0.14522141	0.15671362	-0.2222293
-0.5722214	-0.5873282	-0.62172705	0.6653317	0.6570393	-0.5446913
-1.3922365	-1.4079602	-1.3661342	1.4209449	1.3679951	-1.3448496
1.5107503	1.5660683	1.5708667	-1.6244005	-1.5700297	1.4498806
0.1346766	0.067612894	0.14419954	-0.09708336	-0.05454991	0.1759732
0.1135615	0.13723604	0.13819331	-0.13392541	-0.12142849	0.12607674
-0.57085156	-0.6283991	-0.5553099	0.57555264	0.6434529	-0.56392556
-2.5274348	-2.4715188	-2.5650232	2.525718	2.525151	-2.379822
